Frequency,FFT2-7Q,FFT2-10Q,FFT2-12Q,FFT2-14Q,FFT2-17Q,FFT2-20Q,FFT2-23Q,FFT2-26Q,FFT2-29Q,FFT4-10Q,FFT4-14Q,FFT4-15.5Q,FFT4-17Q,FFT4-20Q,FFT4-23Q,FFT4-26Q,FFT4-29Q,FFT8-14Q,FFT8-17Q,FFT8-20Q,FFT8-23Q,FFT8-26Q,FFT8-29Q
54,-2.7049,-1.3031,-1.0049,-0.60314,-0.50507,-0.40327,-0.30327,-0.30327,-0.20343,-3.2048,-1.203,-0.90491,-0.70314,-0.50524,-0.40327,-0.30327,-0.30327,-3.2029,-1.2031,-0.90327,-0.70314,-0.50343,-0.30327
55,-2.7076,-1.3048,-1.0076,-0.60484,-0.50781,-0.40505,-0.30505,-0.30505,-0.20529,-3.2074,-1.2047,-0.90757,-0.70484,-0.50808,-0.40505,-0.30505,-0.30505,-3.2045,-1.2048,-0.90505,-0.70484,-0.50529,-0.30505
55.25,-2.7083,-1.3053,-1.0083,-0.60532,-0.50858,-0.40554,-0.30554,-0.30554,-0.20582,-3.2081,-1.2051,-0.90832,-0.70532,-0.50888,-0.40554,-0.30554,-0.30554,-3.205,-1.2053,-0.90554,-0.70532,-0.50582,-0.30554
61.25,-2.7351,-1.3225,-1.0351,-0.62251,-0.53615,-0.4234,-0.3234,-0.3234,-0.22448,-3.2342,-1.2218,-0.93511,-0.72251,-0.53734,-0.4234,-0.3234,-0.3234,-3.2211,-1.2225,-0.9234,-0.72251,-0.52448,-0.3234
67.25,-2.7753,-1.3484,-1.0753,-0.64842,-0.57736,-0.45019,-0.35019,-0.35019,-0.25234,-3.2735,-1.2469,-0.97529,-0.74842,-0.57973,-0.45019,-0.35019,-0.35019,-3.2457,-1.2484,-0.95019,-0.74842,-0.55234,-0.35019
77.25,-2.8577,-1.4021,-1.1577,-0.70208,-0.66131,-0.50515,-0.40515,-0.40515,-0.30886,-3.3546,-1.2995,-1.0577,-0.80208,-0.66543,-0.50515,-0.40515,-0.40515,-3.2973,-1.3021,-1.0051,-0.80208,-0.60886,-0.40515
83.25,-2.9079,-1.4352,-1.2079,-0.73523,-0.71181,-0.53859,-0.43859,-0.43859,-0.34266,-3.4044,-1.3324,-1.1079,-0.83523,-0.71633,-0.53859,-0.43859,-0.43859,-3.33,-1.3352,-1.0386,-0.83523,-0.64266,-0.43859
85,-2.9216,-1.4444,-1.2216,-0.74442,-0.72553,-0.54775,-0.44775,-0.44775,-0.3518,-3.4182,-1.3416,-1.1216,-0.84442,-0.73001,-0.54775,-0.44775,-0.44775,-3.3392,-1.3444,-1.0478,-0.84442,-0.6518,-0.44775
91.25,-2.9647,-1.4737,-1.2647,-0.77374,-0.76782,-0.57644,-0.47644,-0.47644,-0.37971,-3.4619,-1.3715,-1.1647,-0.87374,-0.77145,-0.57644,-0.47644,-0.47644,-3.3695,-1.3737,-1.0764,-0.87374,-0.67971,-0.47644
97.25,-2.9928,-1.4941,-1.2928,-0.79412,-0.79415,-0.59523,-0.49523,-0.49523,-0.39658,-3.4917,-1.3932,-1.1928,-0.89412,-0.79564,-0.59523,-0.49523,-0.49523,-3.3924,-1.3941,-1.0952,-0.89412,-0.69658,-0.49523
102,-3.0037,-1.5033,-1.3037,-0.80335,-0.80261,-0.60244,-0.50244,-0.50244,-0.40135,-3.5046,-1.4041,-1.2037,-0.90335,-0.8014,-0.60244,-0.50245,-0.50244,-3.4048,-1.4033,-1.1024,-0.90335,-0.70135,-0.50244
103.25,-3.006,-1.5054,-1.3059,-0.80542,-0.80422,-0.60395,-0.50395,-0.50395,-0.40218,-3.5075,-1.4066,-1.2059,-0.90542,-0.80226,-0.60395,-0.50398,-0.50395,-3.4077,-1.4054,-1.1039,-0.90542,-0.70218,-0.50395
109.25,-3.0168,-1.5151,-1.3166,-0.81516,-0.81176,-0.61102,-0.51102,-0.51102,-0.40606,-3.5209,-1.4186,-1.2165,-0.91516,-0.80628,-0.61102,-0.5112,-0.51102,-3.4217,-1.415,-1.111,-0.91516,-0.70604,-0.51102
115.25,-3.0274,-1.5243,-1.3268,-0.82456,-0.81896,-0.61779,-0.51779,-0.51779,-0.40974,-3.5338,-1.43,-1.2266,-0.92456,-0.81009,-0.61779,-0.51828,-0.51779,-3.4354,-1.4242,-1.1176,-0.92456,-0.70968,-0.51779
121.25,-3.0378,-1.5332,-1.3367,-0.83362,-0.82585,-0.62427,-0.52427,-0.52427,-0.41323,-3.5463,-1.4411,-1.2362,-0.93362,-0.81369,-0.62427,-0.5252,-0.52427,-3.4487,-1.433,-1.124,-0.93362,-0.71312,-0.52427
127.25,-3.048,-1.5417,-1.3461,-0.84237,-0.83242,-0.63047,-0.53047,-0.53047,-0.41653,-3.5584,-1.4517,-1.2454,-0.94237,-0.81711,-0.63047,-0.53197,-0.53047,-3.4617,-1.4413,-1.13,-0.94237,-0.71636,-0.53047
133.25,-3.0579,-1.5498,-1.3552,-0.8508,-0.8387,-0.6364,-0.5364,-0.5364,-0.41966,-3.5701,-1.462,-1.2542,-0.9508,-0.82034,-0.6364,-0.53859,-0.5364,-3.4745,-1.4492,-1.1358,-0.9508,-0.71942,-0.5364
139.25,-3.0676,-1.5575,-1.3639,-0.85892,-0.84468,-0.64207,-0.54207,-0.54207,-0.42262,-3.5814,-1.4719,-1.2625,-0.95892,-0.82339,-0.64207,-0.54506,-0.54207,-3.4869,-1.4568,-1.1412,-0.95892,-0.72229,-0.54207
145.25,-3.0771,-1.5649,-1.3723,-0.86676,-0.85038,-0.64749,-0.54749,-0.54749,-0.42542,-3.5923,-1.4814,-1.2705,-0.96676,-0.82627,-0.64749,-0.55139,-0.54749,-3.499,-1.464,-1.1463,-0.96676,-0.72498,-0.54749
151.25,-3.0863,-1.572,-1.3804,-0.8743,-0.85581,-0.65266,-0.55266,-0.55266,-0.42805,-3.6028,-1.4905,-1.278,-0.9743,-0.82899,-0.65266,-0.55757,-0.55266,-3.5109,-1.4708,-1.1512,-0.9743,-0.72751,-0.55266
157.25,-3.0954,-1.5788,-1.3881,-0.88158,-0.86098,-0.6576,-0.5576,-0.5576,-0.43054,-3.613,-1.4993,-1.2852,-0.98158,-0.83154,-0.6576,-0.5636,-0.5576,-3.5225,-1.4773,-1.1558,-0.98158,-0.72987,-0.5576
163.25,-3.1042,-1.5852,-1.3955,-0.88859,-0.86589,-0.66231,-0.56231,-0.56231,-0.43288,-3.6228,-1.5078,-1.2921,-0.98859,-0.83395,-0.66231,-0.56949,-0.56231,-3.5338,-1.4834,-1.1602,-0.98859,-0.73209,-0.56231
169.25,-3.1128,-1.5914,-1.4026,-0.89534,-0.87057,-0.66681,-0.56681,-0.56681,-0.43509,-3.6323,-1.5159,-1.2986,-0.99534,-0.8362,-0.66681,-0.57523,-0.56681,-3.5449,-1.4893,-1.1643,-0.99534,-0.73415,-0.56681
175.25,-3.1212,-1.5973,-1.4094,-0.90185,-0.87501,-0.6711,-0.5711,-0.5711,-0.43716,-3.6414,-1.5238,-1.3048,-1.0018,-0.83832,-0.6711,-0.58083,-0.5711,-3.5557,-1.4949,-1.1682,-1.0018,-0.73608,-0.5711
181.25,-3.1294,-1.6029,-1.4159,-0.90812,-0.87924,-0.6752,-0.5752,-0.5752,-0.43911,-3.6502,-1.5314,-1.3107,-1.0081,-0.84031,-0.6752,-0.58629,-0.5752,-3.5662,-1.5002,-1.1719,-1.0081,-0.73787,-0.5752
187.25,-3.1374,-1.6083,-1.4221,-0.91416,-0.88325,-0.6791,-0.5791,-0.5791,-0.44093,-3.6587,-1.5387,-1.3163,-1.0142,-0.84216,-0.6791,-0.59161,-0.5791,-3.5765,-1.5052,-1.1754,-1.0142,-0.73954,-0.5791
193.25,-3.1452,-1.6134,-1.4281,-0.91999,-0.88706,-0.68283,-0.58283,-0.58283,-0.44265,-3.6669,-1.5457,-1.3216,-1.02,-0.84391,-0.68283,-0.59679,-0.58283,-3.5866,-1.51,-1.1787,-1.02,-0.7411,-0.58283
199.25,-3.1527,-1.6184,-1.4339,-0.92561,-0.89067,-0.68638,-0.58638,-0.58638,-0.44426,-3.6748,-1.5525,-1.3266,-1.0256,-0.84553,-0.68638,-0.60182,-0.58638,-3.5965,-1.5145,-1.1818,-1.0256,-0.74254,-0.58638
205.25,-3.1601,-1.6231,-1.4394,-0.93103,-0.89411,-0.68977,-0.58977,-0.58977,-0.44577,-3.6825,-1.5591,-1.3314,-1.031,-0.84706,-0.68977,-0.60672,-0.58977,-3.6061,-1.5189,-1.1848,-1.031,-0.74388,-0.58977
211.25,-3.1672,-1.6276,-1.4446,-0.93626,-0.89737,-0.69301,-0.59301,-0.59301,-0.44718,-3.6899,-1.5655,-1.336,-1.0363,-0.84848,-0.69301,-0.61149,-0.59301,-3.6156,-1.523,-1.1876,-1.0363,-0.74513,-0.59301
217.25,-3.1742,-1.6319,-1.4497,-0.94131,-0.90048,-0.69611,-0.59611,-0.59611,-0.44851,-3.697,-1.5716,-1.3403,-1.0413,-0.84981,-0.69611,-0.61611,-0.59611,-3.6248,-1.527,-1.1902,-1.0413,-0.74628,-0.59611
223.25,-3.1809,-1.6361,-1.4546,-0.9462,-0.90343,-0.69907,-0.59907,-0.59907,-0.44976,-3.7039,-1.5776,-1.3445,-1.0462,-0.85105,-0.69907,-0.6206,-0.59907,-3.6338,-1.5307,-1.1927,-1.0462,-0.74736,-0.59907
229.25,-3.1874,-1.6401,-1.4592,-0.95092,-0.90624,-0.7019,-0.6019,-0.6019,-0.45093,-3.7106,-1.5834,-1.3484,-1.0509,-0.85222,-0.7019,-0.62496,-0.6019,-3.6427,-1.5344,-1.1951,-1.0509,-0.74837,-0.6019
235.25,-3.1938,-1.644,-1.4637,-0.9555,-0.90891,-0.70462,-0.60462,-0.60462,-0.45204,-3.717,-1.589,-1.3522,-1.0555,-0.85331,-0.70462,-0.62918,-0.60462,-3.6513,-1.5379,-1.1974,-1.0555,-0.7493,-0.60462
241.25,-3.1999,-1.6477,-1.4681,-0.95993,-0.91147,-0.70723,-0.60723,-0.60723,-0.45308,-3.7233,-1.5945,-1.3558,-1.0599,-0.85434,-0.70723,-0.63327,-0.60723,-3.6598,-1.5412,-1.1996,-1.0599,-0.75018,-0.60723
247.25,-3.2058,-1.6513,-1.4722,-0.96424,-0.91391,-0.70974,-0.60974,-0.60974,-0.45407,-3.7293,-1.5999,-1.3593,-1.0642,-0.85531,-0.70974,-0.63723,-0.60974,-3.6682,-1.5445,-1.2017,-1.0642,-0.75101,-0.60974
253.25,-3.2116,-1.6549,-1.4763,-0.96842,-0.91625,-0.71216,-0.61216,-0.61216,-0.45501,-3.7352,-1.6051,-1.3627,-1.0684,-0.85622,-0.71216,-0.64106,-0.61216,-3.6763,-1.5477,-1.2037,-1.0684,-0.7518,-0.61216
254,-3.2123,-1.6553,-1.4768,-0.96893,-0.91653,-0.71246,-0.61246,-0.61246,-0.45513,-3.7359,-1.6057,-1.3631,-1.0689,-0.85633,-0.71246,-0.64153,-0.61246,-3.6773,-1.5481,-1.2039,-1.0689,-0.75189,-0.61246
259.25,-3.2171,-1.6583,-1.4802,-0.97249,-0.91849,-0.71451,-0.61451,-0.61451,-0.45591,-3.7409,-1.6102,-1.366,-1.0725,-0.85709,-0.71451,-0.64475,-0.61451,-3.6843,-1.5508,-1.2056,-1.0725,-0.75254,-0.61451
265.25,-3.2225,-1.6617,-1.4839,-0.97646,-0.92066,-0.71678,-0.61678,-0.61678,-0.45677,-3.7464,-1.6153,-1.3691,-1.0765,-0.85792,-0.71678,-0.64832,-0.61678,-3.6922,-1.5538,-1.2075,-1.0765,-0.75326,-0.61678
271.25,-3.2276,-1.6649,-1.4876,-0.98034,-0.92275,-0.71898,-0.61898,-0.61898,-0.4576,-3.7518,-1.6202,-1.3722,-1.0803,-0.85872,-0.71898,-0.65176,-0.61898,-3.6999,-1.5568,-1.2094,-1.0803,-0.75396,-0.61898
277.25,-3.2326,-1.6682,-1.4911,-0.98413,-0.92478,-0.72114,-0.62114,-0.62114,-0.45841,-3.7571,-1.6251,-1.3752,-1.0841,-0.8595,-0.72114,-0.65507,-0.62114,-3.7075,-1.5598,-1.2112,-1.0841,-0.75464,-0.62114
283.25,-3.2374,-1.6714,-1.4946,-0.98785,-0.92675,-0.72325,-0.62325,-0.62325,-0.45921,-3.7622,-1.63,-1.3781,-1.0878,-0.86025,-0.72325,-0.65826,-0.62325,-3.7149,-1.5627,-1.213,-1.0878,-0.75531,-0.62325
289.25,-3.242,-1.6746,-1.498,-0.99151,-0.92869,-0.72532,-0.62532,-0.62532,-0.45999,-3.7672,-1.6348,-1.3811,-1.0915,-0.86099,-0.72532,-0.66132,-0.62532,-3.7223,-1.5657,-1.2148,-1.0915,-0.75598,-0.62532
295.25,-3.2464,-1.6778,-1.5013,-0.99511,-0.93059,-0.72737,-0.62737,-0.62737,-0.46077,-3.7721,-1.6396,-1.384,-1.0951,-0.86172,-0.72737,-0.66426,-0.62737,-3.7295,-1.5686,-1.2165,-1.0951,-0.75666,-0.62737
301.25,-3.2506,-1.681,-1.5046,-0.99867,-0.93246,-0.7294,-0.6294,-0.6294,-0.46155,-3.7769,-1.6444,-1.3869,-1.0987,-0.86246,-0.7294,-0.66707,-0.6294,-3.7366,-1.5716,-1.2183,-1.0987,-0.75736,-0.6294
307.25,-3.2546,-1.6842,-1.5078,-1.0022,-0.93433,-0.73142,-0.63142,-0.63142,-0.46234,-3.7817,-1.6492,-1.3898,-1.1022,-0.8632,-0.73142,-0.66976,-0.63142,-3.7436,-1.5747,-1.2202,-1.1022,-0.75807,-0.63142
313.25,-3.2585,-1.6874,-1.511,-1.0057,-0.93619,-0.73345,-0.63345,-0.63345,-0.46315,-3.7863,-1.654,-1.3927,-1.1057,-0.86396,-0.73345,-0.67233,-0.63345,-3.7506,-1.5778,-1.222,-1.1057,-0.75882,-0.63345
319.25,-3.2622,-1.6907,-1.5141,-1.0092,-0.93806,-0.73548,-0.63548,-0.63548,-0.46397,-3.791,-1.6588,-1.3957,-1.1092,-0.86474,-0.73548,-0.67478,-0.63548,-3.7574,-1.581,-1.2239,-1.1092,-0.7596,-0.63548
325.25,-3.2657,-1.6941,-1.5173,-1.0126,-0.93994,-0.73753,-0.63753,-0.63753,-0.46483,-3.7955,-1.6637,-1.3987,-1.1126,-0.86555,-0.73753,-0.67711,-0.63753,-3.7642,-1.5842,-1.2259,-1.1126,-0.76043,-0.63753
331.25,-3.269,-1.6975,-1.5204,-1.0161,-0.94185,-0.73961,-0.63961,-0.63961,-0.46572,-3.8001,-1.6687,-1.4018,-1.1161,-0.86639,-0.73961,-0.67932,-0.63961,-3.7709,-1.5876,-1.228,-1.1161,-0.7613,-0.63961
337.25,-3.2721,-1.701,-1.5236,-1.0196,-0.9438,-0.74173,-0.64173,-0.64173,-0.46665,-3.8046,-1.6737,-1.405,-1.1196,-0.86727,-0.74173,-0.68141,-0.64173,-3.7775,-1.5911,-1.2301,-1.1196,-0.76223,-0.64173
343.25,-3.2751,-1.7046,-1.5268,-1.0231,-0.9458,-0.74389,-0.64389,-0.64389,-0.46763,-3.8091,-1.6788,-1.4083,-1.1231,-0.8682,-0.74389,-0.68338,-0.64389,-3.7841,-1.5948,-1.2323,-1.1231,-0.76323,-0.64389
349.25,-3.2779,-1.7083,-1.53,-1.0267,-0.94785,-0.74611,-0.64611,-0.64611,-0.46866,-3.8136,-1.684,-1.4116,-1.1267,-0.86918,-0.74611,-0.68524,-0.64611,-3.7907,-1.5986,-1.2346,-1.1267,-0.76431,-0.64611
355.25,-3.2805,-1.7121,-1.5333,-1.0303,-0.94996,-0.74839,-0.64839,-0.64839,-0.46975,-3.8181,-1.6893,-1.4152,-1.1303,-0.87022,-0.74839,-0.68699,-0.64839,-3.7972,-1.6026,-1.2371,-1.1303,-0.76546,-0.64839
361.25,-3.2829,-1.7161,-1.5366,-1.0339,-0.95216,-0.75074,-0.65074,-0.65074,-0.47091,-3.8226,-1.6948,-1.4188,-1.1339,-0.87133,-0.75074,-0.68862,-0.65074,-3.8036,-1.6067,-1.2396,-1.1339,-0.7667,-0.65074
367.25,-3.2852,-1.7203,-1.54,-1.0376,-0.95444,-0.75318,-0.65318,-0.65318,-0.47214,-3.8272,-1.7004,-1.4227,-1.1376,-0.87252,-0.75318,-0.69013,-0.65318,-3.8101,-1.6111,-1.2423,-1.1376,-0.76803,-0.65318
373.25,-3.2873,-1.7246,-1.5435,-1.0414,-0.95681,-0.75571,-0.65571,-0.65571,-0.47345,-3.8318,-1.7062,-1.4267,-1.1414,-0.87378,-0.75571,-0.69154,-0.65571,-3.8165,-1.6157,-1.2452,-1.1414,-0.76947,-0.65571
379.25,-3.2892,-1.729,-1.5471,-1.0452,-0.9593,-0.75833,-0.65833,-0.65833,-0.47485,-3.8365,-1.7121,-1.4309,-1.1452,-0.87514,-0.75833,-0.69283,-0.65833,-3.8229,-1.6205,-1.2482,-1.1452,-0.77101,-0.65833
385.25,-3.291,-1.7337,-1.5507,-1.0492,-0.96189,-0.76107,-0.66107,-0.66107,-0.47634,-3.8413,-1.7183,-1.4353,-1.1492,-0.87658,-0.76107,-0.69401,-0.66107,-3.8293,-1.6255,-1.2514,-1.1492,-0.77267,-0.66107
391.25,-3.2926,-1.7386,-1.5545,-1.0532,-0.96462,-0.76393,-0.66393,-0.66393,-0.47793,-3.8461,-1.7246,-1.4399,-1.1532,-0.87813,-0.76393,-0.69509,-0.66393,-3.8357,-1.6308,-1.2548,-1.1532,-0.77446,-0.66393
397.25,-3.2941,-1.7437,-1.5584,-1.0574,-0.96748,-0.76691,-0.66691,-0.66691,-0.47962,-3.851,-1.7311,-1.4448,-1.1574,-0.87979,-0.76691,-0.69605,-0.66691,-3.8421,-1.6364,-1.2584,-1.1574,-0.77638,-0.66691
403.25,-3.2954,-1.749,-1.5625,-1.0616,-0.97048,-0.77003,-0.67003,-0.67003,-0.48142,-3.856,-1.7379,-1.4499,-1.1616,-0.88156,-0.77003,-0.69691,-0.67003,-3.8486,-1.6423,-1.2621,-1.1616,-0.77843,-0.67003
409.25,-3.2965,-1.7546,-1.5667,-1.066,-0.97364,-0.77329,-0.67329,-0.67329,-0.48334,-3.8612,-1.7449,-1.4553,-1.166,-0.88345,-0.77329,-0.69766,-0.67329,-3.855,-1.6485,-1.2661,-1.166,-0.78063,-0.67329
415.25,-3.2975,-1.7604,-1.5711,-1.0705,-0.97697,-0.77671,-0.67671,-0.67671,-0.48539,-3.8664,-1.7522,-1.4609,-1.1705,-0.88547,-0.77671,-0.6983,-0.67671,-3.8615,-1.655,-1.2704,-1.1705,-0.78298,-0.67671
421.25,-3.2983,-1.7665,-1.5756,-1.0752,-0.98047,-0.78029,-0.68029,-0.68029,-0.48756,-3.8718,-1.7597,-1.4669,-1.1752,-0.88762,-0.78029,-0.69884,-0.68029,-3.868,-1.6619,-1.2748,-1.1752,-0.7855,-0.68029
427.25,-3.2989,-1.7729,-1.5803,-1.0801,-0.98416,-0.78404,-0.68404,-0.68404,-0.48988,-3.8774,-1.7675,-1.4731,-1.1801,-0.88991,-0.78404,-0.69928,-0.68404,-3.8746,-1.6691,-1.2796,-1.1801,-0.78818,-0.68404
433.25,-3.2994,-1.7796,-1.5852,-1.0851,-0.98804,-0.78798,-0.68798,-0.68798,-0.49233,-3.8831,-1.7757,-1.4797,-1.1851,-0.89235,-0.78798,-0.69961,-0.68798,-3.8812,-1.6767,-1.2846,-1.1851,-0.79104,-0.68798
439.25,-3.2998,-1.7866,-1.5903,-1.0902,-0.99213,-0.7921,-0.6921,-0.6921,-0.49494,-3.889,-1.7841,-1.4867,-1.1902,-0.89495,-0.7921,-0.69984,-0.6921,-3.8879,-1.6847,-1.2898,-1.1902,-0.79408,-0.6921
445.25,-3.3,-1.794,-1.5956,-1.0956,-0.99643,-0.79643,-0.69643,-0.69643,-0.4977,-3.8951,-1.7928,-1.494,-1.1956,-0.8977,-0.79643,-0.69997,-0.69643,-3.8946,-1.6931,-1.2954,-1.1956,-0.7973,-0.69643
450,-3.3,-1.8,-1.6,-1.1,-1,-0.8,-0.7,-0.7,-0.5,-3.9,-1.8,-1.5,-1.2,-0.9,-0.8,-0.7,-0.7,-3.9,-1.7,-1.3,-1.2,-0.8,-0.7
451.25,-3.3,-1.8017,-1.6012,-1.1012,-1.001,-0.80097,-0.70097,-0.70097,-0.50064,-3.9013,-1.8019,-1.5017,-1.2012,-0.90063,-0.80097,-0.7,-0.70097,-3.9014,-1.7019,-1.3013,-1.2012,-0.80079,-0.70097
457.25,-3.3,-1.8104,-1.6069,-1.107,-1.0059,-0.80594,-0.70594,-0.70594,-0.50425,-3.9076,-1.8119,-1.5104,-1.2069,-0.9041,-0.80594,-0.7,-0.70594,-3.9083,-1.713,-1.3085,-1.207,-0.8062,-0.70594
463.25,-3.3,-1.8204,-1.6126,-1.1131,-1.0114,-0.81138,-0.71138,-0.71138,-0.50869,-3.9138,-1.8228,-1.5204,-1.2126,-0.90822,-0.81138,-0.7,-0.71138,-3.9151,-1.7268,-1.3174,-1.2131,-0.81409,-0.71138
469.25,-3.3,-1.8315,-1.6185,-1.1194,-1.0172,-0.81723,-0.71723,-0.71723,-0.51384,-3.9199,-1.8345,-1.5315,-1.2185,-0.91292,-0.81723,-0.7,-0.71723,-3.9219,-1.743,-1.3277,-1.2194,-0.8241,-0.71723
475.25,-3.3,-1.8435,-1.6244,-1.1258,-1.0234,-0.82341,-0.72341,-0.72341,-0.5196,-3.926,-1.8468,-1.5435,-1.2244,-0.91813,-0.82341,-0.7,-0.72341,-3.9287,-1.7611,-1.3392,-1.2258,-0.83592,-0.72341
481.25,-3.3,-1.8562,-1.6303,-1.1324,-1.0299,-0.82986,-0.72986,-0.72986,-0.52586,-3.932,-1.8597,-1.5562,-1.2303,-0.9238,-0.82986,-0.7,-0.72986,-3.9354,-1.7809,-1.3517,-1.2324,-0.84921,-0.72986
487.25,-3.3,-1.8695,-1.6363,-1.139,-1.0365,-0.8365,-0.7365,-0.7365,-0.53253,-3.938,-1.873,-1.5695,-1.2363,-0.92985,-0.8365,-0.7,-0.7365,-3.942,-1.8018,-1.3651,-1.239,-0.86363,-0.7365
493.25,-3.3,-1.8832,-1.6424,-1.1456,-1.0433,-0.84326,-0.74326,-0.74326,-0.53949,-3.944,-1.8865,-1.5832,-1.2424,-0.93622,-0.84326,-0.7,-0.74326,-3.9485,-1.8237,-1.379,-1.2456,-0.87886,-0.74326
499.25,-3.3,-1.8971,-1.6484,-1.1522,-1.0501,-0.85007,-0.75007,-0.75007,-0.54664,-3.9499,-1.9001,-1.5971,-1.2484,-0.94285,-0.85007,-0.7,-0.75007,-3.9548,-1.8459,-1.3933,-1.2522,-0.89456,-0.75007
505.25,-3.3,-1.9111,-1.6545,-1.1587,-1.0569,-0.85686,-0.75686,-0.75686,-0.55387,-3.9558,-1.9137,-1.6111,-1.2545,-0.94967,-0.85686,-0.7,-0.75686,-3.961,-1.8683,-1.4077,-1.2587,-0.91041,-0.75686
511.25,-3.3,-1.925,-1.6607,-1.1651,-1.0636,-0.86357,-0.76357,-0.76357,-0.56108,-3.9617,-1.9271,-1.625,-1.2607,-0.95661,-0.86357,-0.7,-0.76357,-3.967,-1.8904,-1.4222,-1.2651,-0.92606,-0.76357
517.25,-3.3,-1.9385,-1.6668,-1.1713,-1.0701,-0.87012,-0.77012,-0.77012,-0.56817,-3.9676,-1.9402,-1.6385,-1.2668,-0.96361,-0.87012,-0.7,-0.77012,-3.9728,-1.9117,-1.4363,-1.2713,-0.94119,-0.77012
523.25,-3.3,-1.9516,-1.6729,-1.1773,-1.0764,-0.87644,-0.77644,-0.77644,-0.57502,-3.9735,-1.9529,-1.6516,-1.2729,-0.97061,-0.87644,-0.7,-0.77644,-3.9784,-1.9321,-1.45,-1.2773,-0.95546,-0.77644
529.25,-3.3,-1.9641,-1.679,-1.183,-1.0825,-0.88246,-0.78246,-0.78246,-0.58154,-3.9794,-1.9649,-1.6641,-1.279,-0.97753,-0.88246,-0.7,-0.78246,-3.9837,-1.951,-1.4631,-1.283,-0.96855,-0.78246
535.25,-3.3,-1.9758,-1.6851,-1.1884,-1.0881,-0.88811,-0.78811,-0.78811,-0.58761,-3.9853,-1.9762,-1.6758,-1.2851,-0.98431,-0.88811,-0.7,-0.78811,-3.9888,-1.9681,-1.4752,-1.2884,-0.98012,-0.78811
541.25,-3.3,-1.9865,-1.6912,-1.1934,-1.0933,-0.89333,-0.79333,-0.79333,-0.59314,-3.9913,-1.9867,-1.6865,-1.2912,-0.9909,-0.89333,-0.7,-0.79333,-3.9936,-1.983,-1.4863,-1.2934,-0.98983,-0.79333
547.25,-3.3,-1.996,-1.6972,-1.198,-1.098,-0.89803,-0.79803,-0.79803,-0.59801,-3.9973,-1.9961,-1.696,-1.2972,-0.99721,-0.89803,-0.7,-0.79803,-3.9981,-1.9953,-1.496,-1.298,-0.99737,-0.79803
550,-3.3,-2,-1.7,-1.2,-1.1,-0.9,-0.8,-0.8,-0.6,-4,-2,-1.7,-1.3,-1,-0.9,-0.7,-0.8,-4,-2,-1.5,-1.3,-1,-0.8
553.25,-3.3001,-2.0045,-1.7033,-1.2022,-1.1022,-0.90222,-0.80222,-0.80222,-0.60221,-4.0033,-2.0044,-1.7044,-1.3033,-1.0033,-0.90222,-0.70004,-0.80221,-4.0023,-2.0051,-1.5045,-1.3022,-1.0027,-0.80222
559.25,-3.3006,-2.0125,-1.7093,-1.2062,-1.1062,-0.90619,-0.80619,-0.80619,-0.60612,-4.0097,-2.0124,-1.7124,-1.3093,-1.0093,-0.90619,-0.70029,-0.80612,-4.0064,-2.0141,-1.5125,-1.3062,-1.0076,-0.80619
565.25,-3.3017,-2.0204,-1.7154,-1.21,-1.11,-0.90998,-0.80998,-0.80998,-0.6098,-4.0163,-2.02,-1.72,-1.3154,-1.0154,-0.90998,-0.70079,-0.8098,-4.0107,-2.0226,-1.5204,-1.31,-1.0121,-0.80998
571.25,-3.3031,-2.028,-1.7214,-1.2136,-1.1136,-0.91361,-0.81361,-0.81361,-0.61327,-4.0233,-2.0272,-1.7272,-1.3214,-1.0214,-0.91361,-0.70152,-0.81327,-4.0149,-2.0307,-1.528,-1.3136,-1.0164,-0.81361
577.25,-3.3051,-2.0354,-1.7276,-1.2171,-1.1171,-0.91709,-0.81709,-0.81709,-0.61656,-4.0305,-2.0342,-1.7342,-1.3276,-1.0276,-0.91709,-0.70248,-0.81656,-4.0191,-2.0383,-1.5354,-1.3171,-1.0204,-0.81709
583.25,-3.3074,-2.0426,-1.7337,-1.2204,-1.1204,-0.92043,-0.82043,-0.82043,-0.61966,-4.0379,-2.0409,-1.7409,-1.3337,-1.0337,-0.92043,-0.70366,-0.81966,-4.0234,-2.0456,-1.5426,-1.3204,-1.0242,-0.82043
589.25,-3.31,-2.0496,-1.7399,-1.2236,-1.1236,-0.92364,-0.82364,-0.82364,-0.62261,-4.0454,-2.0473,-1.7473,-1.3399,-1.0399,-0.92364,-0.70506,-0.82261,-4.0276,-2.0525,-1.5496,-1.3236,-1.0278,-0.82364
595.25,-3.313,-2.0564,-1.746,-1.2267,-1.1267,-0.92674,-0.82674,-0.82674,-0.62542,-4.0532,-2.0535,-1.7535,-1.346,-1.046,-0.92674,-0.70666,-0.82542,-4.0318,-2.059,-1.5564,-1.3267,-1.0312,-0.82674
601.25,-3.3163,-2.0631,-1.7522,-1.2297,-1.1297,-0.92973,-0.82973,-0.82973,-0.62809,-4.061,-2.0595,-1.7595,-1.3522,-1.0522,-0.92973,-0.70847,-0.82809,-4.036,-2.0652,-1.5631,-1.3297,-1.0344,-0.82973
607.25,-3.3199,-2.0696,-1.7584,-1.2326,-1.1326,-0.93262,-0.83262,-0.83262,-0.63066,-4.0689,-2.0652,-1.7652,-1.3584,-1.0584,-0.93262,-0.71047,-0.83066,-4.0401,-2.0712,-1.5696,-1.3326,-1.0374,-0.83262
613.25,-3.3237,-2.076,-1.7646,-1.2354,-1.1354,-0.93542,-0.83542,-0.83542,-0.63314,-4.0769,-2.0708,-1.7708,-1.3646,-1.0646,-0.93542,-0.71266,-0.83314,-4.0442,-2.0769,-1.576,-1.3354,-1.0403,-0.83542
619.25,-3.3277,-2.0822,-1.7708,-1.2381,-1.1381,-0.93815,-0.83815,-0.83815,-0.63553,-4.0849,-2.0763,-1.7763,-1.3708,-1.0708,-0.93815,-0.71504,-0.83553,-4.0482,-2.0823,-1.5822,-1.3381,-1.043,-0.83815
625.25,-3.3318,-2.0882,-1.777,-1.2408,-1.1408,-0.94081,-0.84081,-0.84081,-0.63786,-4.0929,-2.0816,-1.7816,-1.377,-1.077,-0.94081,-0.71759,-0.83786,-4.0521,-2.0876,-1.5882,-1.3408,-1.0456,-0.84081
631.25,-3.3361,-2.0942,-1.7832,-1.2434,-1.1434,-0.94342,-0.84342,-0.84342,-0.64015,-4.1008,-2.0868,-1.7868,-1.3832,-1.0832,-0.94342,-0.72032,-0.84015,-4.0559,-2.0927,-1.5942,-1.3434,-1.0481,-0.84342
637.25,-3.3405,-2.1,-1.7893,-1.246,-1.146,-0.94599,-0.84599,-0.84599,-0.6424,-4.1087,-2.092,-1.792,-1.3893,-1.0893,-0.94599,-0.72321,-0.8424,-4.0597,-2.0976,-1.6,-1.346,-1.0506,-0.84599
643.25,-3.3449,-2.1057,-1.7955,-1.2485,-1.1485,-0.94852,-0.84852,-0.84852,-0.64465,-4.1165,-2.097,-1.797,-1.3955,-1.0955,-0.94852,-0.72626,-0.84465,-4.0633,-2.1025,-1.6057,-1.3485,-1.0529,-0.84852
649.25,-3.3494,-2.1114,-1.8017,-1.251,-1.151,-0.95104,-0.85104,-0.85104,-0.64689,-4.1241,-2.1021,-1.8021,-1.4017,-1.1017,-0.95104,-0.72946,-0.84689,-4.0669,-2.1072,-1.6114,-1.351,-1.0552,-0.85104
655.25,-3.3539,-2.1169,-1.8078,-1.2535,-1.1535,-0.95354,-0.85354,-0.85354,-0.64915,-4.1315,-2.1071,-1.8071,-1.4078,-1.1078,-0.95354,-0.7328,-0.84915,-4.0703,-2.1119,-1.6169,-1.3535,-1.0574,-0.85354
661.25,-3.3584,-2.1224,-1.8139,-1.256,-1.156,-0.95604,-0.85604,-0.85604,-0.65145,-4.1387,-2.1121,-1.8121,-1.4139,-1.1139,-0.95604,-0.73629,-0.85145,-4.0736,-2.1165,-1.6224,-1.356,-1.0597,-0.85604
667.25,-3.3628,-2.1277,-1.82,-1.2586,-1.1586,-0.95855,-0.85855,-0.85855,-0.6538,-4.1457,-2.1171,-1.8171,-1.42,-1.12,-0.95855,-0.7399,-0.8538,-4.0767,-2.1212,-1.6277,-1.3586,-1.0619,-0.85855
673.25,-3.3671,-2.1331,-1.8261,-1.2611,-1.1611,-0.96108,-0.86108,-0.86108,-0.65621,-4.1524,-2.1222,-1.8222,-1.4261,-1.1261,-0.96108,-0.74365,-0.85621,-4.0797,-2.1259,-1.6331,-1.3611,-1.0641,-0.86108
679.25,-3.3713,-2.1384,-1.8321,-1.2636,-1.1636,-0.96365,-0.86365,-0.86365,-0.65871,-4.1588,-2.1273,-1.8273,-1.4321,-1.1321,-0.96365,-0.74751,-0.85871,-4.0825,-2.1306,-1.6384,-1.3636,-1.0663,-0.86365
685.25,-3.3753,-2.1436,-1.8381,-1.2663,-1.1663,-0.96626,-0.86626,-0.86626,-0.66131,-4.1649,-2.1325,-1.8325,-1.4381,-1.1381,-0.96626,-0.75149,-0.86131,-4.0852,-2.1354,-1.6436,-1.3663,-1.0686,-0.86626
691.25,-3.3792,-2.1488,-1.8441,-1.2689,-1.1689,-0.96892,-0.86892,-0.86892,-0.66402,-4.1706,-2.1378,-1.8378,-1.4441,-1.1441,-0.96892,-0.75558,-0.86402,-4.0876,-2.1403,-1.6488,-1.3689,-1.0709,-0.86892
697.25,-3.3828,-2.154,-1.85,-1.2716,-1.1716,-0.97164,-0.87164,-0.87164,-0.66686,-4.1758,-2.1433,-1.8433,-1.45,-1.15,-0.97164,-0.75977,-0.86686,-4.0899,-2.1454,-1.654,-1.3716,-1.0733,-0.87164
703.25,-3.3862,-2.1592,-1.8559,-1.2744,-1.1744,-0.97444,-0.87444,-0.87444,-0.66985,-4.1807,-2.1489,-1.8489,-1.4559,-1.1559,-0.97444,-0.76406,-0.86985,-4.092,-2.1506,-1.6592,-1.3744,-1.0758,-0.87444
709.25,-3.3892,-2.1643,-1.8618,-1.2773,-1.1773,-0.97732,-0.87732,-0.87732,-0.67301,-4.1851,-2.1546,-1.8546,-1.4618,-1.1618,-0.97732,-0.76843,-0.87301,-4.0938,-2.156,-1.6643,-1.3773,-1.0784,-0.87732
715.25,-3.392,-2.1695,-1.8676,-1.2803,-1.1803,-0.9803,-0.8803,-0.8803,-0.67634,-4.189,-2.1606,-1.8606,-1.4676,-1.1676,-0.9803,-0.77289,-0.87634,-4.0954,-2.1616,-1.6695,-1.3803,-1.0811,-0.8803
721.25,-3.3944,-2.1747,-1.8733,-1.2834,-1.1834,-0.98339,-0.88339,-0.88339,-0.67987,-4.1923,-2.1668,-1.8668,-1.4733,-1.1733,-0.98339,-0.77742,-0.87987,-4.0968,-2.1675,-1.6747,-1.3834,-1.084,-0.88339
727.25,-3.3964,-2.1799,-1.879,-1.2866,-1.1866,-0.98659,-0.88659,-0.88659,-0.68361,-4.1951,-2.1732,-1.8732,-1.479,-1.179,-0.98659,-0.78202,-0.88361,-4.098,-2.1737,-1.6799,-1.3866,-1.087,-0.88659
733.25,-3.398,-2.1851,-1.8846,-1.2899,-1.1899,-0.98993,-0.88993,-0.88993,-0.68758,-4.1973,-2.1799,-1.8799,-1.4846,-1.1846,-0.98993,-0.78669,-0.88758,-4.0989,-2.1801,-1.6851,-1.3899,-1.0901,-0.88993
739.25,-3.3992,-2.1904,-1.8902,-1.2934,-1.1934,-0.9934,-0.8934,-0.8934,-0.69179,-4.1989,-2.1868,-1.8868,-1.4902,-1.1902,-0.9934,-0.79141,-0.89179,-4.0995,-2.1869,-1.6904,-1.3934,-1.0935,-0.8934
745.25,-3.3998,-2.1957,-1.8957,-1.297,-1.197,-0.99702,-0.89702,-0.89702,-0.69626,-4.1998,-2.194,-1.894,-1.4957,-1.1957,-0.99702,-0.79619,-0.89626,-4.0999,-2.1941,-1.6957,-1.397,-1.097,-0.89702
750,-3.4,-2.2,-1.9,-1.3,-1.2,-1,-0.9,-0.9,-0.7,-4.2,-2.2,-1.9,-1.5,-1.2,-1,-0.8,-0.9,-4.1,-2.2,-1.7,-1.4,-1.1,-0.9
751.25,-3.4,-2.2011,-1.9011,-1.3008,-1.2008,-1.0008,-0.9008,-0.9008,-0.70103,-4.2,-2.2016,-1.9016,-1.5011,-1.2011,-1.0008,-0.80104,-0.90104,-4.1,-2.2016,-1.7011,-1.4008,-1.1008,-0.9008
757.25,-3.4,-2.2063,-1.9063,-1.3047,-1.2048,-1.0047,-0.90469,-0.90469,-0.7066,-4.1989,-2.2095,-1.9096,-1.5064,-1.2065,-1.0048,-0.80682,-0.90682,-4.1,-2.2103,-1.7068,-1.4047,-1.1048,-0.90469
763.25,-3.4,-2.2113,-1.9113,-1.3087,-1.209,-1.0087,-0.90868,-0.90868,-0.71314,-4.1966,-2.2176,-1.9181,-1.5114,-1.2118,-1.009,-0.81384,-0.91384,-4.1,-2.2202,-1.7128,-1.4087,-1.109,-0.90868
769.25,-3.4,-2.216,-1.916,-1.3128,-1.2135,-1.0128,-0.91276,-0.91276,-0.72057,-4.1931,-2.2261,-1.927,-1.5163,-1.2171,-1.0135,-0.82197,-0.92197,-4.1,-2.2311,-1.7191,-1.4128,-1.1135,-0.91276
775.25,-3.4,-2.2205,-1.9205,-1.317,-1.2181,-1.017,-0.91695,-0.91695,-0.7288,-4.1886,-2.2348,-1.9362,-1.5211,-1.2223,-1.0181,-0.83108,-0.93108,-4.1,-2.2429,-1.7256,-1.417,-1.1181,-0.91695
781.25,-3.4,-2.2249,-1.9249,-1.3212,-1.2229,-1.0212,-0.92124,-0.92124,-0.73776,-4.1832,-2.2438,-1.9458,-1.5258,-1.2274,-1.0229,-0.84103,-0.94103,-4.1,-2.2554,-1.7322,-1.4212,-1.1229,-0.92124
787.25,-3.4,-2.2292,-1.9292,-1.3256,-1.2278,-1.0256,-0.92565,-0.92565,-0.74735,-4.1771,-2.2531,-1.9557,-1.5303,-1.2325,-1.0278,-0.85168,-0.95168,-4.1,-2.2685,-1.7389,-1.4256,-1.1278,-0.92565
793.25,-3.4,-2.2334,-1.9334,-1.3302,-1.2329,-1.0302,-0.93016,-0.93016,-0.7575,-4.1704,-2.2625,-1.9658,-1.5348,-1.2376,-1.0329,-0.86292,-0.96292,-4.1,-2.2818,-1.7456,-1.4302,-1.1329,-0.93016
799.25,-3.4,-2.2377,-1.9377,-1.3348,-1.2381,-1.0348,-0.9348,-0.9348,-0.76812,-4.1633,-2.2723,-1.9762,-1.5393,-1.2426,-1.0381,-0.87459,-0.97459,-4.1,-2.2953,-1.7522,-1.4348,-1.1381,-0.9348
805.25,-3.4,-2.2419,-1.9419,-1.3396,-1.2434,-1.0396,-0.93956,-0.93956,-0.77913,-4.1559,-2.2822,-1.9867,-1.5438,-1.2476,-1.0434,-0.88659,-0.98659,-4.1,-2.3087,-1.7586,-1.4396,-1.1434,-0.93956
811.25,-3.4,-2.2462,-1.9462,-1.3445,-1.2487,-1.0445,-0.94445,-0.94445,-0.79045,-4.1484,-2.2923,-1.9974,-1.5483,-1.2526,-1.0487,-0.89876,-0.99876,-4.1,-2.3219,-1.7648,-1.4445,-1.1487,-0.94445
817.25,-3.4,-2.2506,-1.9506,-1.3495,-1.2541,-1.0495,-0.94947,-0.94947,-0.80198,-4.141,-2.3026,-2.0081,-1.5529,-1.2575,-1.0541,-0.91098,-1.011,-4.1,-2.3346,-1.7707,-1.4495,-1.1541,-0.94947
823.25,-3.4,-2.2551,-1.9551,-1.3546,-1.2594,-1.0546,-0.95463,-0.95463,-0.81365,-4.1337,-2.3131,-2.0189,-1.5576,-1.2624,-1.0594,-0.92311,-1.0231,-4.1,-2.3468,-1.7763,-1.4546,-1.1594,-0.95463
829.25,-3.4,-2.2599,-1.9599,-1.3599,-1.2648,-1.0599,-0.95993,-0.95993,-0.82538,-4.1268,-2.3238,-2.0297,-1.5623,-1.2673,-1.0648,-0.93503,-1.035,-4.1,-2.3581,-1.7815,-1.4599,-1.1648,-0.95993
835.25,-3.4,-2.2648,-1.9648,-1.3654,-1.2702,-1.0654,-0.96538,-0.96538,-0.83708,-4.1203,-2.3347,-2.0404,-1.5673,-1.2721,-1.0702,-0.9466,-1.0466,-4.1,-2.3685,-1.7861,-1.4654,-1.1702,-0.96538
841.25,-3.4,-2.27,-1.97,-1.371,-1.2756,-1.071,-0.97097,-0.97097,-0.84867,-4.1145,-2.3456,-2.0511,-1.5724,-1.2769,-1.0756,-0.95769,-1.0577,-4.1,-2.3777,-1.7903,-1.471,-1.1756,-0.97097
847.25,-3.4,-2.2756,-1.9756,-1.3767,-1.2809,-1.0767,-0.97672,-0.97672,-0.86006,-4.1094,-2.3568,-2.0617,-1.5776,-1.2818,-1.0809,-0.96817,-1.0682,-4.1,-2.3856,-1.7937,-1.4767,-1.1809,-0.97672
853.25,-3.4,-2.2814,-1.9814,-1.3826,-1.2861,-1.0826,-0.98263,-0.98263,-0.87117,-4.1053,-2.368,-2.0721,-1.5832,-1.2866,-1.0861,-0.9779,-1.0779,-4.1,-2.392,-1.7965,-1.4826,-1.1861,-0.98263
859.25,-3.4,-2.2877,-1.9877,-1.3887,-1.2912,-1.0887,-0.9887,-0.9887,-0.88191,-4.1023,-2.3794,-2.0823,-1.5889,-1.2914,-1.0912,-0.98675,-1.0868,-4.1,-2.3966,-1.7985,-1.4887,-1.1912,-0.9887
860,-3.4,-2.2885,-1.9885,-1.3895,-1.2918,-1.0895,-0.98947,-0.98947,-0.88323,-4.102,-2.3808,-2.0836,-1.5897,-1.292,-1.0918,-0.98779,-1.0878,-4.1,-2.397,-1.7987,-1.4895,-1.1918,-0.98947
865.25,-3.4,-2.2944,-1.9944,-1.3949,-1.2962,-1.0949,-0.99494,-0.99494,-0.89222,-4.1005,-2.3909,-2.0923,-1.595,-1.2962,-1.0962,-0.9946,-1.0946,-4.1,-2.3993,-1.7997,-1.4949,-1.1962,-0.99494
870,-3.4,-2.3,-2,-1.4,-1.3,-1.1,-1,-1,-0.9,-4.1,-2.4,-2.1,-1.6,-1.3,-1.1,-1,-1.1,-4.1,-2.4,-1.8,-1.5,-1.2,-1
871.25,-3.4,-2.3016,-2.0016,-1.4014,-1.301,-1.1014,-1.0014,-1.0014,-0.902,-4.1,-2.4024,-2.102,-1.6014,-1.301,-1.101,-1.0013,-1.1013,-4.1,-2.4,-1.8,-1.5014,-1.201,-1.0014
877.25,-3.4005,-2.3099,-2.0099,-1.4082,-1.3057,-1.1082,-1.0081,-1.0081,-0.91151,-4.1,-2.4144,-2.1115,-1.6081,-1.3057,-1.1057,-1.0073,-1.1073,-4.1,-2.4,-1.8,-1.5081,-1.2057,-1.008
883.25,-3.4016,-2.3196,-2.0196,-1.4155,-1.3103,-1.1155,-1.0151,-1.0153,-0.9209,-4.1,-2.4269,-2.1209,-1.6153,-1.3102,-1.1102,-1.0129,-1.1129,-4.1,-2.4,-1.8,-1.5153,-1.2102,-1.015
889.25,-3.4032,-2.3305,-2.0305,-1.4234,-1.3148,-1.1234,-1.0225,-1.0229,-0.93019,-4.1,-2.4398,-2.1302,-1.6229,-1.3146,-1.1146,-1.0182,-1.118,-4.1,-2.4,-1.8,-1.5229,-1.2146,-1.0222
895.25,-3.4055,-2.3425,-2.0425,-1.4316,-1.3192,-1.1316,-1.0302,-1.0308,-0.93938,-4.1,-2.4531,-2.1394,-1.6308,-1.3188,-1.1188,-1.0231,-1.1228,-4.1,-2.4,-1.8,-1.5308,-1.2188,-1.0297
901.25,-3.4082,-2.3556,-2.0556,-1.4402,-1.3235,-1.1402,-1.0382,-1.0391,-0.9485,-4.1,-2.4667,-2.1485,-1.6391,-1.323,-1.123,-1.0277,-1.1273,-4.1,-2.4,-1.8,-1.5391,-1.223,-1.0375
907.25,-3.4115,-2.3694,-2.0694,-1.4492,-1.3278,-1.1492,-1.0465,-1.0476,-0.95756,-4.1,-2.4807,-2.1576,-1.6476,-1.3271,-1.1271,-1.032,-1.1316,-4.1,-2.4,-1.8,-1.5476,-1.2271,-1.0456
913.25,-3.4152,-2.384,-2.084,-1.4584,-1.332,-1.1584,-1.055,-1.0565,-0.96656,-4.1,-2.4949,-2.1666,-1.6565,-1.3312,-1.1312,-1.0362,-1.1356,-4.1,-2.4,-1.8,-1.5565,-1.2312,-1.0539
919.25,-3.4194,-2.3993,-2.0993,-1.4679,-1.3362,-1.1679,-1.0638,-1.0656,-0.97553,-4.1,-2.5093,-2.1755,-1.6656,-1.3352,-1.1352,-1.0401,-1.1395,-4.1,-2.4,-1.8,-1.5656,-1.2352,-1.0625
925.25,-3.4239,-2.4149,-2.1149,-1.4776,-1.3404,-1.1776,-1.0729,-1.0749,-0.98448,-4.1,-2.5239,-2.1845,-1.6749,-1.3393,-1.1393,-1.044,-1.1432,-4.1,-2.4,-1.8,-1.5749,-1.2393,-1.0713
931.25,-3.4288,-2.431,-2.131,-1.4875,-1.3447,-1.1875,-1.0822,-1.0844,-0.99342,-4.1,-2.5386,-2.1934,-1.6844,-1.3434,-1.1434,-1.0478,-1.1469,-4.1,-2.4,-1.8,-1.5844,-1.2434,-1.0804
937.25,-3.434,-2.4473,-2.1473,-1.4976,-1.349,-1.1976,-1.0916,-1.0942,-1.0024,-4.1,-2.5534,-2.2024,-1.6942,-1.3475,-1.1475,-1.0516,-1.1506,-4.1,-2.4,-1.8,-1.5942,-1.2475,-1.0897
943.25,-3.4395,-2.4636,-2.1636,-1.5077,-1.3533,-1.2077,-1.1013,-1.104,-1.0113,-4.1,-2.5682,-2.2113,-1.704,-1.3518,-1.1518,-1.0554,-1.1543,-4.1,-2.4,-1.8,-1.604,-1.2518,-1.0992
949.25,-3.4453,-2.48,-2.18,-1.5178,-1.3577,-1.2178,-1.1112,-1.114,-1.0204,-4.1,-2.5829,-2.2204,-1.714,-1.3561,-1.1561,-1.0592,-1.1581,-4.1,-2.4,-1.8,-1.614,-1.2561,-1.109
955.25,-3.4513,-2.4962,-2.1962,-1.528,-1.3621,-1.228,-1.1212,-1.1241,-1.0294,-4.1,-2.5976,-2.2294,-1.7241,-1.3605,-1.1605,-1.0631,-1.162,-4.1,-2.4,-1.8,-1.6241,-1.2605,-1.119
961.25,-3.4575,-2.5122,-2.2122,-1.5381,-1.3667,-1.2381,-1.1314,-1.1343,-1.0385,-4.1,-2.6122,-2.2385,-1.7343,-1.3651,-1.1651,-1.0672,-1.1661,-4.1,-2.4,-1.8,-1.6343,-1.2651,-1.1292
967.25,-3.4639,-2.5277,-2.2277,-1.5482,-1.3714,-1.2482,-1.1418,-1.1445,-1.0477,-4.1,-2.6266,-2.2477,-1.7445,-1.3699,-1.1699,-1.0715,-1.1704,-4.1,-2.4,-1.8,-1.6445,-1.2699,-1.1396
973.25,-3.4704,-2.5427,-2.2427,-1.5582,-1.3763,-1.2582,-1.1522,-1.1548,-1.057,-4.1,-2.6407,-2.257,-1.7548,-1.3749,-1.1749,-1.076,-1.175,-4.1,-2.4,-1.8,-1.6548,-1.2749,-1.1503
979.25,-3.477,-2.5571,-2.2571,-1.5679,-1.3813,-1.2679,-1.1628,-1.165,-1.0664,-4.1,-2.6546,-2.2664,-1.765,-1.38,-1.18,-1.0808,-1.1799,-4.1,-2.4,-1.8,-1.665,-1.28,-1.1611
985.25,-3.4836,-2.5707,-2.2707,-1.5775,-1.3864,-1.2775,-1.1735,-1.1752,-1.076,-4.1,-2.6682,-2.276,-1.7752,-1.3855,-1.1855,-1.0859,-1.1852,-4.1,-2.4,-1.8,-1.6752,-1.2855,-1.1721
991.25,-3.4903,-2.5834,-2.2834,-1.5869,-1.3918,-1.2869,-1.1842,-1.1853,-1.0856,-4.1,-2.6815,-2.2856,-1.7853,-1.3912,-1.1912,-1.0913,-1.1909,-4.1,-2.4,-1.8,-1.6853,-1.2912,-1.1833
997.25,-3.497,-2.595,-2.295,-1.596,-1.3974,-1.296,-1.195,-1.1954,-1.0954,-4.1,-2.6943,-2.2954,-1.7954,-1.3972,-1.1972,-1.0972,-1.197,-4.1,-2.4,-1.8,-1.6954,-1.2972,-1.1947
1000,-3.5,-2.6,-2.3,-1.6,-1.4,-1.3,-1.2,-1.2,-1.1,-4.1,-2.7,-2.3,-1.8,-1.4,-1.2,-1.1,-1.2,-4.1,-2.4,-1.8,-1.7,-1.3,-1.2
1003.25,-3.5037,-2.6057,-2.3057,-1.6047,-1.4032,-1.3047,-1.2059,-1.2054,-1.1054,-4.1002,-2.7067,-2.3054,-1.8054,-1.4034,-1.2034,-1.1034,-1.2037,-4.1001,-2.4002,-1.8001,-1.7054,-1.3034,-1.2063
1009.25,-3.5108,-2.6162,-2.3162,-1.6135,-1.4091,-1.3135,-1.2169,-1.2154,-1.1154,-4.1012,-2.719,-2.3154,-1.8154,-1.41,-1.21,-1.11,-1.2108,-4.101,-2.4015,-1.801,-1.7154,-1.31,-1.2182
1015.25,-3.5184,-2.6267,-2.3267,-1.6222,-1.4152,-1.3222,-1.2281,-1.2255,-1.1255,-4.1033,-2.7313,-2.3255,-1.8255,-1.4169,-1.2169,-1.1169,-1.2184,-4.1026,-2.404,-1.8026,-1.7255,-1.3169,-1.2303
1021.25,-3.5264,-2.637,-2.337,-1.6309,-1.4214,-1.3309,-1.2395,-1.2356,-1.1356,-4.1064,-2.7435,-2.3356,-1.8356,-1.4241,-1.2241,-1.1241,-1.2264,-4.1051,-2.4076,-1.8051,-1.7356,-1.3241,-1.2428
1027.25,-3.5349,-2.6473,-2.3473,-1.6395,-1.4278,-1.3395,-1.251,-1.2458,-1.1458,-4.1104,-2.7557,-2.3458,-1.8458,-1.4316,-1.2316,-1.1316,-1.2349,-4.1083,-2.4124,-1.8083,-1.7458,-1.3316,-1.2555
1033.25,-3.5438,-2.6575,-2.3575,-1.6482,-1.4343,-1.3482,-1.2627,-1.2561,-1.1561,-4.1153,-2.7678,-2.3561,-1.8561,-1.4393,-1.2393,-1.1393,-1.2438,-4.1123,-2.4184,-1.8123,-1.7561,-1.3393,-1.2686
1039.25,-3.5531,-2.6676,-2.3676,-1.6568,-1.4409,-1.3568,-1.2746,-1.2664,-1.1664,-4.1212,-2.7798,-2.3664,-1.8664,-1.4474,-1.2474,-1.1474,-1.2531,-4.1169,-2.4254,-1.8169,-1.7664,-1.3474,-1.2819
1045.25,-3.5629,-2.6776,-2.3776,-1.6654,-1.4477,-1.3654,-1.2866,-1.2767,-1.1767,-4.1279,-2.7917,-2.3767,-1.8767,-1.4557,-1.2557,-1.1557,-1.2629,-4.1223,-2.4335,-1.8223,-1.7767,-1.3557,-1.2955
1051.25,-3.5731,-2.6875,-2.3875,-1.674,-1.4547,-1.374,-1.2987,-1.2871,-1.1871,-4.1355,-2.8036,-2.3871,-1.8871,-1.4643,-1.2643,-1.1643,-1.2731,-4.1284,-2.4426,-1.8284,-1.7871,-1.3643,-1.3093
1057.25,-3.5837,-2.6973,-2.3973,-1.6825,-1.4617,-1.3825,-1.3111,-1.2976,-1.1976,-4.144,-2.8155,-2.3976,-1.8976,-1.4731,-1.2731,-1.1731,-1.2837,-4.1352,-2.4528,-1.8352,-1.7976,-1.3731,-1.3235
1063.25,-3.5948,-2.7069,-2.4069,-1.691,-1.4689,-1.391,-1.3235,-1.3081,-1.2081,-4.1533,-2.8272,-2.4081,-1.9081,-1.4823,-1.2823,-1.1823,-1.2948,-4.1426,-2.4639,-1.8426,-1.8081,-1.3823,-1.3379
1069.25,-3.6062,-2.7165,-2.4165,-1.6995,-1.4763,-1.3995,-1.3362,-1.3187,-1.2187,-4.1633,-2.8389,-2.4187,-1.9187,-1.4917,-1.2917,-1.1917,-1.3062,-4.1507,-2.476,-1.8507,-1.8187,-1.3917,-1.3526
1075.25,-3.618,-2.7259,-2.4259,-1.708,-1.4838,-1.408,-1.349,-1.3293,-1.2293,-4.1741,-2.8505,-2.4293,-1.9293,-1.5013,-1.3013,-1.2013,-1.318,-4.1593,-2.489,-1.8593,-1.8293,-1.4013,-1.3676
1081.25,-3.6302,-2.7352,-2.4352,-1.7164,-1.4914,-1.4164,-1.362,-1.34,-1.24,-4.1857,-2.862,-2.44,-1.94,-1.5112,-1.3112,-1.2112,-1.3302,-4.1686,-2.5029,-1.8686,-1.84,-1.4112,-1.3828
1087.25,-3.6428,-2.7444,-2.4444,-1.7248,-1.4992,-1.4248,-1.3751,-1.3508,-1.2508,-4.198,-2.8735,-2.4508,-1.9508,-1.5214,-1.3214,-1.2214,-1.3428,-4.1784,-2.5176,-1.8784,-1.8508,-1.4214,-1.3983
1093.25,-3.6558,-2.7534,-2.4534,-1.7332,-1.5071,-1.4332,-1.3884,-1.3616,-1.2616,-4.211,-2.8849,-2.4616,-1.9616,-1.5318,-1.3318,-1.2318,-1.3558,-4.1888,-2.5333,-1.8888,-1.8616,-1.4318,-1.4141
1099.25,-3.6692,-2.7623,-2.4623,-1.7415,-1.5151,-1.4415,-1.4018,-1.3724,-1.2724,-4.2247,-2.8962,-2.4724,-1.9724,-1.5425,-1.3425,-1.2425,-1.3692,-4.1998,-2.5497,-1.8998,-1.8724,-1.4425,-1.4302
1105.25,-3.6829,-2.771,-2.471,-1.7499,-1.5232,-1.4499,-1.4154,-1.3834,-1.2834,-4.2391,-2.9074,-2.4834,-1.9834,-1.5534,-1.3534,-1.2534,-1.3829,-4.2113,-2.5669,-1.9113,-1.8834,-1.4534,-1.4465
1111.25,-3.6969,-2.7796,-2.4796,-1.7582,-1.5315,-1.4582,-1.4292,-1.3943,-1.2943,-4.254,-2.9185,-2.4943,-1.9943,-1.5646,-1.3646,-1.2646,-1.3969,-4.2232,-2.5848,-1.9232,-1.8943,-1.4646,-1.4631
1117.25,-3.7113,-2.788,-2.488,-1.7664,-1.5399,-1.4664,-1.4431,-1.4054,-1.3054,-4.2696,-2.9295,-2.5054,-2.0054,-1.576,-1.376,-1.276,-1.4113,-4.2357,-2.6035,-1.9357,-1.9054,-1.476,-1.4799
1123.25,-3.7261,-2.7963,-2.4963,-1.7746,-1.5485,-1.4746,-1.4571,-1.4165,-1.3165,-4.2858,-2.9405,-2.5165,-2.0165,-1.5876,-1.3876,-1.2876,-1.4261,-4.2486,-2.6229,-1.9486,-1.9165,-1.4876,-1.497
1129.25,-3.7412,-2.8043,-2.5043,-1.7828,-1.5572,-1.4828,-1.4714,-1.4276,-1.3276,-4.3025,-2.9513,-2.5276,-2.0276,-1.5995,-1.3995,-1.2995,-1.4412,-4.262,-2.643,-1.962,-1.9276,-1.4995,-1.5143
1135.25,-3.7566,-2.8122,-2.5122,-1.791,-1.566,-1.491,-1.4857,-1.4389,-1.3389,-4.3197,-2.9621,-2.5389,-2.0389,-1.6116,-1.4116,-1.3116,-1.4566,-4.2758,-2.6637,-1.9758,-1.9389,-1.5116,-1.532
1141.25,-3.7724,-2.8199,-2.5199,-1.7991,-1.5749,-1.4991,-1.5003,-1.4502,-1.3502,-4.3375,-2.9727,-2.5502,-2.0502,-1.6239,-1.4239,-1.3239,-1.4724,-4.29,-2.685,-1.99,-1.9502,-1.5239,-1.5498
1147.25,-3.7885,-2.8275,-2.5275,-1.8072,-1.584,-1.5072,-1.515,-1.4615,-1.3615,-4.3558,-2.9833,-2.5615,-2.0615,-1.6364,-1.4364,-1.3364,-1.4885,-4.3046,-2.7069,-2.0046,-1.9615,-1.5364,-1.5679
1153.25,-3.8049,-2.8348,-2.5348,-1.8153,-1.5932,-1.5153,-1.5298,-1.4729,-1.3729,-4.3745,-2.9938,-2.5729,-2.0729,-1.6492,-1.4492,-1.3492,-1.5049,-4.3196,-2.7294,-2.0196,-1.9729,-1.5492,-1.5863
1159.25,-3.8216,-2.8419,-2.5419,-1.8233,-1.6025,-1.5233,-1.5448,-1.4844,-1.3844,-4.3937,-3.0041,-2.5844,-2.0844,-1.6622,-1.4622,-1.3622,-1.5216,-4.3349,-2.7524,-2.0349,-1.9844,-1.5622,-1.6049
1165.25,-3.8386,-2.8488,-2.5488,-1.8313,-1.6119,-1.5313,-1.56,-1.4959,-1.3959,-4.4133,-3.0144,-2.5959,-2.0959,-1.6754,-1.4754,-1.3754,-1.5386,-4.3506,-2.7759,-2.0506,-1.9959,-1.5754,-1.6238
1171.25,-3.8559,-2.8555,-2.5555,-1.8393,-1.6214,-1.5393,-1.5753,-1.5075,-1.4075,-4.4333,-3.0246,-2.6075,-2.1075,-1.6888,-1.4888,-1.3888,-1.5559,-4.3666,-2.7999,-2.0666,-2.0075,-1.5888,-1.6429
1177.25,-3.8735,-2.862,-2.562,-1.8472,-1.6311,-1.5472,-1.5908,-1.5192,-1.4192,-4.4536,-3.0346,-2.6192,-2.1192,-1.7024,-1.5024,-1.4024,-1.5735,-4.3829,-2.8244,-2.0829,-2.0192,-1.6024,-1.6623
1183.25,-3.8913,-2.8683,-2.5683,-1.8551,-1.6409,-1.5551,-1.6064,-1.5309,-1.4309,-4.4743,-3.0446,-2.6309,-2.1309,-1.7162,-1.5162,-1.4162,-1.5913,-4.3995,-2.8492,-2.0995,-2.0309,-1.6162,-1.6818
1189.25,-3.9095,-2.8743,-2.5743,-1.8629,-1.6508,-1.5629,-1.6222,-1.5427,-1.4427,-4.4954,-3.0544,-2.6427,-2.1427,-1.7302,-1.5302,-1.4302,-1.6095,-4.4163,-2.8745,-2.1163,-2.0427,-1.6302,-1.7017
1195.25,-3.9279,-2.8802,-2.5802,-1.8707,-1.6609,-1.5707,-1.6382,-1.5545,-1.4545,-4.5167,-3.0641,-2.6545,-2.1545,-1.7444,-1.5444,-1.4444,-1.6279,-4.4334,-2.9001,-2.1334,-2.0545,-1.6444,-1.7218
1201.25,-3.9465,-2.8857,-2.5857,-1.8785,-1.671,-1.5785,-1.6543,-1.5664,-1.4664,-4.5383,-3.0738,-2.6664,-2.1664,-1.7588,-1.5588,-1.4588,-1.6465,-4.4507,-2.926,-2.1507,-2.0664,-1.6588,-1.7421
1207.25,-3.9655,-2.8911,-2.5911,-1.8862,-1.6813,-1.5862,-1.6705,-1.5784,-1.4784,-4.5602,-3.0833,-2.6784,-2.1784,-1.7734,-1.5734,-1.4734,-1.6655,-4.4682,-2.9523,-2.1682,-2.0784,-1.6734,-1.7626
1213.25,-3.9846,-2.8962,-2.5962,-1.8939,-1.6917,-1.5939,-1.6869,-1.5904,-1.4904,-4.5823,-3.0927,-2.6904,-2.1904,-1.7882,-1.5882,-1.4882,-1.6846,-4.4859,-2.9788,-2.1859,-2.0904,-1.6882,-1.7834
1218,-4,-2.9,-2.6,-1.9,-1.7,-1.6,-1.7,-1.6,-1.5,-4.6,-3.1,-2.7,-2.2,-1.8,-1.6,-1.5,-1.7,-4.5,-3,-2.2,-2.1,-1.7,-1.8
